PhraseNo,Phrase,IsHateSpeech
1,minissu wenawa inna jathin ape manussayo karala menna wala gothrikayo thunema tika ratawal,YES
2,weda nikan eka daruwan nethi prrsiddath epa thiyena ganna atha elluwada beri oyala bole gaththada desapalanayata oka paduway bat inna karagena nokaran hitahan karanna therum,YES
3,endiyawata ganan unta jathiyata arinne kata ape mukuth witharai ahinsakayant muth anik agamata denawa rate koti na sadda,YES
4,kochchara song lassana nikan kanna epa edapan ewa barinam songs karanna buruwo thiyana sindu ubalata,YES
5,eliyata danne nathi api karanam muth yanawa asadaranakam yanne wachanayak aka kridakayanta ground rata walata set mahela wena akenma nanna hadanna,YES
6,yen ai akkara mahinda maddida valikande nane ogama hmbawnaakkara 1800 sanga karan noth kiyak apita kaururh naoni vada polonnaruve gen apith dun onida dannava den unp danna,YES
7,reddak sinhalen dana meka danna lankawa kiyanna,YES
8,puluwan yaka croatian witharai me bauddayekuta president wenna,YES
9,5k nathi okunta ewun eliye epa aka eken bai elawanna tharam ennawa wada job satha nam oni karanna wadi,YES
10,nathi ekak quality kisi apatayek,YES
11,chande me munta dena rate buruwo thawath innawane,YES
12,kadaya thilangayawa esige hurathal karapan putha henagapiya thota,YES
13,deehan kridawa dawiwaru oi sangata kawe un putuwa yakooo thirisana cricket,YES
14,ekek roy lat ekaa me da hoodana kwda kiyana,YES
15,ekata eka ape thuuu,YES
16,harema dakuna menessuu arthmarthakameeeeeeeeeeee,YES
17,sinhalayo kuhakayo,YES
18,innakam eka majarayo police lankawe political quality karanna baha wage wadi,YES
19,ganun ekak ahisaka wala ta nawath bike 500 ugen wite lami we karayo rs aragena bulath kanna naki dena lanka kagena labba inne police bahapu ne,YES
20,nathi ekak gam una duwana gihilla bothalayata gon kasippu puhunuwak ali walin walatath yata paththata tikak aragena rilau ganja blapalla kisima harak un karayagen office inne police apu hari wrdi nikamata keeyak ne unge,YES
21,wadiyenma ape horu inne tmai polisiya atule,YES
22,danne policeya gena kanno echchari arawa,YES
23,kare tatwat tama rate kalak chance ponnayo giya karapu epa ekai me dora okunat denna nidalle ara aparade dewal vahane un ekek ratakata help serama manussayata maha arinna ne,YES
24,okunge edala ballo ethuru para haththa epa pathali gahanawa akekwath daruwanta hena karanna,YES
25,natara tiyana oluwata ba ahka horu sakilli akada apa gama kiyana ona batuwa ada baluwa kollo waradagan minusu maragann amm puta nikaruna nisai oya bayta wada bollonga maranawa policya kiyann yahpalan ahinsa waditiyala ahama adanwa danna,YES
26,une training horu me koheda,YES
27,thattayaa wagee udauu daa karikii karannee nathywaa mandaa mona mokek innee uuu pissek,YES
28,okunwa kehegahuwata kiyala inne mathara thiyenne bayagullo maraladanna dakune un,YES
29,uda duwanawa hat nodi kata arakahawa dipan meta amatio paw pena lejjai oya karanawa jatika tawa sellam wepan gedara denek sambanda mesinngan hoda dodawana polisiata patalema arun ottu inna pare pattama ekekuta palayan maha,YES
30,dennawat samahara e pirimi arala mun dora enne ara manussaya lankawe veerayek kenek napunsakayo ane inna wahane attatama manussayata pirimida ne,YES
31,aydayak tibbanam bawanawa aprade dennekwath aniwa meyata,YES
32,inna tikath deela wada maranda thiyenne ewun hospital,YES
33,shit dakalat yanawa ara wage ekek na dakke,YES
34,raga tamai palane waha oya,YES
35,mewata waga balu mahajana nasthi baladarin kalakanni mun ekai mudal karana loku okkoma heththa kiyanna ona,YES
36,aewa weradi akke loku unge,YES
37,innakan diunukarana be kalakanni mun wage ratawal,YES
38,thaththala api nathuwa kalaknni salakanne wenwa me thathala duk idala,YES
39,wadina thopi me athmedi hena wage lamainta ona,YES
40,salli ltte gaththa kotiyek kalakanni hamudurowo 2020 me path eken yawala anduwa wenawa ube miniha gedara apith karayek passe oththu sahimakata aththak kiwe,YES
41,thawakalika sathuta oyage weddi windawanna ganna bari uparima wei daraganna winda okata,YES
42,kakul puke athulata cari alayak wesige wesita 2ka huththa me mita sathutak kohila bessuwanam karala wada lebei katu depeththata huththita wesi balu daala miriskudu one arinna,YES
43,ganu sapa wenawamai nindawak lake yamaha tho thota dawasak jatiyatama wadi,YES
44,hethiriyak janadi pathinitakda winasa meki budu lankawe dahama karana ne,YES
45,ane pau apahasa maranna kumarihamita podi karala bella mirikala daruwo ewata mokuth neme thibbe karanna dusanaya na maranawa,YES
46,wadaniya uda ciwarayanata budu painawa nigaru katin danawamai tigae kada kirimata ubda wacanata dittadamna karumae amruwak marapuuna na hari miha hiyanna padisan kiyapu,YES
47,matharamma buddha harima wasthuwakda apra apa gana dukai wanawa gani sundara giya podi karayo cjiwaraya karanawa hinsa baluwah wada rata oita ma koha antha ratak daruwo balla appa,YES
48,balu tenatath wesiyek to toge henagahannaona ammage wadapu wage,YES
49,pau kanthawakata geniyekuta banna me newei maruwath hirihara kireema waradei habai wage kotiyekuge na,YES
50,alawanna ape wenne barademu mun hadamu rata me sinhalayage mokadda mahindata ratata okkoma akathuwemu,YES
51,kiyala hukaganna kiyahan thambiyelta keri wesita,YES
52,padesan okege as denna one panapitama sathuta,YES
53,api henama hinsanayata tota duwanna edata patta gahanawa anduwatai toge wei wesi totai redi gal pare gahapan netuwa lagadima,YES
54,wenawa wendath tho duk unaawagema sathutu,YES
55,thindu henama karapu hotai me gahapiya rajayatai ekatai,YES
56,nehe wesitanm gihin kotinge wenne sidda hodak ata karapan me suppu gahapan cari deka hena wesi,YES
57,neeee danne lokuda huththa,YES
58,usawiyeth theendu desapalana,YES
59,balu hana hatama gahapiya huttita,YES
60,nidahas kanna nethiwa karapan magenguti oya hitan hodaekaawage unansewa,YES
61,karumeta gahala wesiyo akalata haduna,YES
62,yana inna ratak hora meka kade gonnu ganayonta,YES
63,gal gahanna genige me geta lasthiweyalla,YES
64,ewarayi karalla rata mun winasa,YES
65,ponna wasi,YES
66,wenawa maruna api goda aka aknali gana sathutu,YES
67,rate tamai wesa unama nayakaya ohoma ponnayek gahapiya hena genita,YES
68,ira salli hada ltte payanawaneeee munta ratama ako walata wikka eke,YES
69,hedigeviyan engema gedidapn nadukarayage okage paaulama mulu,YES
70,gani wewa ubata shapa koti,YES
71,pala makabawilama wesi paduru,YES
72,pada meeka ekak show,YES
73,balu thoge patawuntath gahapan weesi hena thota,YES
74,henama wesa gahapiya ballita,YES
75,an tiyana tope hodai anduwa,YES
76,wena ekak miniha nathuwa mekita dan aduwak ne,YES
77,baduwa deepan puka wesa nam sathutu,YES
78,ekak jathae genige me kalwam,YES
79,engili la yanna aluth gena thala weni wadaya neethiya saha warada putha lowak pamunuwanna adhikaranaya vinisuran kumata idikatu sithima dena yadamin dethis regena mage nam benda erata danduwam vilangu,YES
80,gahanna unta gihin megala bona tiyenne thamai bus bol eke,YES
81,ponnayo danne inna gahanna aduwa kollekta allan witharai gaman kellek laga,YES
82,ape honda samjeta eka adrshyak harak,YES
83,yako htuwe kiyala aiyo man tpita pisuda atta,YES
84,ape n untath penne amma eduwoth thaththawath kimbak,YES
85,yako puluwan nattiyak api veede yanna kiyala nathawa lisan oka dannawa,YES
86,desapalakayanta karume nathi thama minasata de eka kalakanni samanya danena me penne,YES
87,shampoo dakune nadda,NO
88,idea muladi ekak karala digatama karoth hoda hinawey devole,NO
89,dagena adan yanne kohomai ape handuruvane reddak hadannanam puluvan oka eth,NO
90,yen navatthana police ekkak na,NO
91,market ape kalayak gihin fan ellan rexona kala mathakane un fite,NO
92,hati karapu visthara pahadili madi,NO
93,mahasona eka bn dapuwahama me wagene mokkakda,YES
94,ela mede thawa wadidinu karanna thawath,NO
95,api aiya game gahapan gannaw,NO
96,widihata gahana balamu thama desapalakayo poster ita passe lankawen yawala tikak,YES
97,kese paadam allagannawa eke mama puluwannan karanawa tikak ekakuth shape putu gahagannawa putuwak aniwa nan allala business wethath line,NO
98,wedagth oyala karpu kathwa kiuwath m nm e,NO
99,issek gahapu oshadhi adui wage hama,YES
100,cheeneta naya bala gewamu light oka,YES
101,kana ba dada kama wala hodama thiyanawa aduma apa ona awaga lagatama wanawa thama purudu owata hariyata aka kanda gahanakn athokota camara chuingam hama thiyana ak wath akata dubai wanas na minissu nithi nikamma avith da danna thahanam karanda amarui tharama hadanda,NO
102,mewa puluwan ape thiyaganna widiyata moda ekka thiyana noogathun keedawasak weida,YES
103,hondai mewa ape minisunge karaganida winayath wadenam ekka araksha eth,NO
104,ape aduwata koheta vikunala ona newe genna dala ratata tikawa owa tikak hoda un hadichcha silachara minissu inna dan hari,NO
105,nee onee mokada ekak mukuth dawas giyata deka ne owwa thunak passe ehenm palaweni yanda train dawasema ride,NO
106,wena ekak ape rate kiyala nispadanayak wenne kohen ahanna hari thamai naha genapu ithin gana hamadama,NO
107,puluwan pitin hodata oneda genna onnataran haganna ennawa ekapara oowa gasaganna project lankawe oitawada kutti indiawen weddo,NO
108,kana nam nikan ma paluwa pissu ta arawage natana dala eken army hadeyi unge owa,YES
109,yana badulla hondai kohomada api wage dan kandy me jaffna train dawasawala,YES
110,ape keli okko galawan yanawa un,NO
111,owge ape minisunt wtinakamak eka tyenne thathwen dwsai oya kohed,NO
112,kiyala dewal ne me ganne sure reka gothrika wage ratakata dunnata,YES
113,ki lassanata ohoma dawasak thiyaida,NO
114,nathnm gahala genna kala dawsai dekaii okkoma cctv daweee,NO
115,neth wenawa ape nam unta yanna uganna kala dawi oke,NO
116,wade ape okatath rilawu tika deyi,YES
117,thiya gadai balamu kiyala badulle chu toilat hariyata eleyata train patta mekawath eken ganida eke,YES
118,wagayma wanasana bayraganna hoda ewungayn badu watina,NO
119,watinakama ape laksha gedara diyamanthi chandayaka hari dekai raththaran kamak newei na,NO
120,danne aiya mata parcy aiyata ona mama naya denne ganna witharai me kellek balannako anne nadda nemei karala unama set kaloth unata ane sapak gahala pana katha akka malane a thamai,NO
121,ekeknam gahana mehema ba poster raththaran ekek wenna,NO
122,ahuwa bawth wadenawa ahuwe nm sarddawakin theruma sraddwth anubawa labenawamai aniwryenma ochchara labenawa avobathmaka sadu aa pihitana hitiye hitha kiynakota pirith paliyenui sinahalenuii neme nisa na kusalayka danan thiyenawa pirithehi kal hinda dekenma,NO
123,pirtiha sathya nowa yanu bamuno manthara gana pihitanne pihitanna pamanai,NO
124,wewa kalyana kupitha uwanta saranai deergau kamin mithrainwahanselata theruwan kuhaka,NO
125,jothishyta ekata kiwwe foto cover karana loku athi wenna oba ohoma swamanin jothishya nisa kenek nam wiruddai wahanse ow a oni anuwa,NO
126,ape tenakata api ona jivite dahama nodenima amuthuma sadu rekaganna geniyanawa,NO
127,aththatama danenawa kiyala sinhalada kauru widiyata me pudumakara mona meka dakkath ahagena hithen sahalluwak innakota hithata palida na,NO
128,yana dakkahama de bara desapaluwanta ennawa terena ekai wahallu kade meke gaaanak comment kiyana tamat akama,YES
129,athin eka gena bihikarapu sertificates aththatama demawpiyan e lamay genna uthsawayakata ganna dennath igena amathi sahathika school manthri wada hoday kisima dena na tharamatawath waru ekaka narakay ita thamanwa genwanawa,NO
130,wenawa mewa awathawak waradi enawanam gammak politics vinda ganna hada eka eken ena dara bawath,NO
131,chandi kara award 1k nathuwa mun ganna da nattam welawak karana oka rastiyadu newei naluwo picatin,YES
132,innawanam nogena newaradi tibuna ehema epa nati organised karala wada kamati news kenek inna vidiyata samana kerrnna one karanna hadanna,NO
133,parliment deshapalakayin eka dedena thibeda prathipaththiyak prashnayak anek ayeki kalaawata baladdai ratata laankeeya kala namuth hadupu amila saadeemata gos aththe awashya yanu mendis othana hoda ekka owun dedenath sriyantha shriyantha na inna sewayak prathipaththi yodhayek,NO
134,kalakarayek othenta kama pennane wadak tama n mun meta penwanne oya wenna owa wada unama lokuma rasikayontah desapalane moda a nihathamai one,NO
135,narakak harima meeta ta gunagaruka meyala ge lage athi oya kale wenna oney namuth oyala deshpalana mehema apey wath wada aththtama pradharshanaya kanagatui neme gammanpila nah kiyanna gatalu niyama duminda manasikathwaya vidiyata kalakaruwo hasirenne kawadawath sinhalayan gewath pahath oyalagema puluwanda,NO
136,ranil ai dunne name kiyalath aya aradana golayek prasnayak karate late wenna methana hugely ok thiyenne sannasgalage kiyanawa muu desapaluwanta a ganiwi ganga,YES
137,ihala kalaavek karuvekuta talaye kalaa athini pirinemiya iita sammaanayak yuththe,NO
138,beri yako sammana puthiii wenas dennee kawda aduraganna munta a deka deshapalanayai manussakamai,YES
139,niduk erabena wewa subama maliya nirogi suwapiri wasarak suba upandinak,NO
140,kirieema sabawaka sundarathwaya wenai kiyanne kam ba misak kama kalawa neme karanna anumatha kuhaka deshapalanaya,YES
141,kondak uda dakka aththatama pol wenta me dala loku athi thibbata horekuta wage thiyana dennek unta horunta gediyak banala sathutui un na gahala kadapu godak game erehi comment,NO
142,weleta awasa thaneketa awath penawane hati uthsawa desapaluwo epa nagitinna parlimenthuwe in na,NO
143,yana manussayo api vidihatai eka nihathamani katha waire ganim pennanna hari penne mona oni pali wenna dekarath,NO
144,thamayy giyasereth kelawune nisaa mahindage mahindata golayo,YES
145,oba attatama mahinda lajjai tumawa aiyooo tika nati kala golayo,YES
146,minissu parlimentu yannne mun aehema broo hitiya nam,NO
147,denneeeee salli ape monatada nasthi api karanne mun me munta meva bale karanna nati pissu,YES
148,wela miti relata gihin eka wal badagini atakota dahalla kapala 225 oya harak enaganna nawttaganiivi,YES
149,hithenava pau duka venuven api thamun ganavath vadakarannane harima kapaveema me karana dena 225 dagalanne dakkama nositha gutikagena,NO
150,mudalata adareta pagawal keli rata ganna winasa ratak me karanna balayata wikunanna ratata rate hadanne nethi newei serama,YES
151,ralak ekak la damn eka horu keneck waste situation yakku say billons rate nethi people development occasion ona ashamed thama kiyala podi o rataka dupath ekai me asanethe kalakani karana disciplined busking bugaboos mewage hama level awila ganan pass ahinsaka wath wosrt ma ahumwa nondi deyakma lankawe s kisima budimath ethics wena nene shit inna citizens i guest nugath money ratak minissunta a musala auspicious occurred koti yakkunta government,YES
152,mewa ennada ape rate palakayone rata bn balanakota lajjai me kawada goda aththatama itin,YES
153,ane randuwenawanam mehema parliment heta yanna epa please wennako tharame aduma adarshamath lejjai,NO
154,sahana buudalayak pawugalika danvat kpana blayata kra me dagalanne munge ayalage mahajanthavani sudussan kageda kaaadara rata molaya paliment kamata dennada nee needa yavanna pamnk nemai janthavata,YES
155,nane loke shik rate daki e gihin kusalayata me karana kusalayak nathiwai niwanuth oka ekek karannna diwiyaloke ammapa samana thawa uwa appa karanna,YES
156,unata innawanam hodaida koitharam hamadema ehema parliment pitathadi dakimath yaluwo sathutak eke nikam,YES
157,wenawa bala idimu dewal apuwahama upekshawen balayata sadachara kamak athi un nethi mewage nuugath,YES
158,niyama ape sha hari kattiyatath wadak kalanm,YES
159,oyaga una horu dunana nmuth hour mhatayata dunbar koranta it bank chanda rail tame akata wada klalin central wanuvan minisu a magma,YES
160,kohoma and niyama karanawanam hari onna wadak,YES
161,ban eka sira nam kathawa,YES
162,nethuwa miniha merenne oxygen ara,YES
163,ahu kiyala una inne ltte hithan karayek un policiye,YES
164,ekata trend wage den polis hora ewilla podikale,YES
165,unaa giya eka 4 noheki hatharak simawata reka genimata,YES
166,rugby mama lokkath police gahapu hithanne ara ekek,YES
167,kenekds kohoma si tackle kara eka hari patta try koheda,YES
168,suddage ekak ruger thibbanam maru athe ball,YES
169,yana ahinsaka minihak munta bila alla ganda tama puluwanne,YES
170,awwilla policeyama yako galu,YES
171,krla hdma nha enna mahindatath manta gnna nm gaththe thiyena admin kamthima ponil kn eth thirane kamathi apith wdk lokka katha unp,YES
172,thama de karapu weradinam hodaine me one kage prathipaththi tika ithin unath wenna,YES
173,salli ape tharam prasnaya nahe one karanna thawa kisi thiyenawa rate kabasiniya,YES
174,monaratakawath chandayak awashshmanatha nathuwa vihilu meeta lankawe athi pasu mewage,YES
175,wena dunu apassata ugayata meyala pls yanna epa yannna lokaya situwam kale hadanne seegiri nawata,YES
176,miniyek eka ekai munta madi,YES
177,best inna wada wala munta europe suddiyo,YES
178,mewa salli hoyanawa jarawak danawa oii karala views deyak ganna wadagath athi thamuselath dala wadak ratata monawada ona,YES
179,nathi prashnane unta thiyenne apu denatawath meke karanna un comment,YES
180,kochchara salli samajeta penawa wadak badina witharai me hasini karanawa haadakam kiyagena wadagath hoda ekka ekek na ekita wena awata video dawase ekenma,YES
181,vitharak aei viruddawa block kiyanne walang wedasatahane kale bindhe filltita hashiniwai gedara medda cumens oke therumada filltiwai palu hari awa genella,YES
182,yako ekak filt hammeeee marketing gei hasini ting meee song,YES
183,marai thama pattama bn meka hakiyawa hiniyta dena umbe kindi yakooo,YES
184,danne sellamak ekak una heta wachne eka ba lassana pina anuwa gewannath jeewitheth jeewithayak danma meyalage meyalata jeewithayath kiyana e jeewitha ona instant ada nasthi meyala giya divorce karapu hariyata noodles ganna therum me theeranaya gewanne 30k idiri vivahaya wage banda yaddi therei wei niraparade pawl na unata awrudu hari thawa pawak karmayata therumawath thiyenna athme,YES
185,mokada kumara kiyala kiyanne ma wediyenma sihinaya ekane me tittle demmanam ekath nubhe hodai dapu song eke sansara,YES
186,obalaata baluwe gamn kaama aatmayaka goodak mama kanin raajiyata pin weewaa poohoodina upadina kmid unaa dansala budusaranaii rajikma pramaada amatitumani karanna,YES
187,agaya wetath wade nathi ahai kese api mahaththayo danayak mokak uthum sathayak watenawa ada kiyala 100k aeth karapo rs kotiyak 100th karanawa kala palanaya yate wath pawol 100kin karnnada welewe ae innawa desha aramuna mokada de samaharu naha athara adala,YES
188,dannsala kare ahisaka eke madi n ethi dansal me palaweni thiyapu wenna kota badumkara unta mudal passe thaniyama dena kawe un kamak dansala p dansalin janathava u hithata badam ne,YES
189,oyaga una horu dunana nmuth hour mhatayata dunbar koranta it bank chanda rail tame akata wada klalin central wanuvan minisu a magma,YES
190,hitiye nathi sobitha wahanse de eka deyak un me num hodai loku hamuduruwo athakin dakke,YES
191,pitin kohomath gihi budda wala r kiyanne agamak dala wa tiye terrorists pana thyna thopila a tharsthawadi islam ithin one not ne,YES
192,yanna thopila kalakanni hedigewila hamba one heththa,YES
193,aulak kalaya bangladesh wenasak kisima walata kerala na,NO
194,gaththeth thama mun ltte ayudha thibba,YES
195,ekak dan thawa wei add okata,NO
196,7k karapu sawiyak me ipaden asarana piditha atma kamin diwyaloke wede meweni udgalaynt wemu wedak,NO
197,amathaka raju ai rawana rajathumekada srestsa maha monatharam minissune,NO
198,garu ethana ape agamakatama pawathma thamai kireema hama sanskruthiyakatama,NO
199,loketama ballo ape penvanakota vala deval avajaathaka ratavala danena vena ayata vatinakama passa,YES
200,minissu aluthgamadi hambena kaduna ekata karapu udaw ati me thawa wagema slow welawe train boy,NO
201,ekak 50 eka hariyatama gana dawasak kiyanne eke walin galawila athdakimen ena 5 brake crosing nawatune bar clmbo mamanm galu express train balapitiyedi,NO
202,mn danne kiyannanm dunne eka eda kauda eke e thama ringagena kage yata gatagahala manussaya habi manussayek na ethana idapu hitiya,NO
203,eyata mahathwaru kiyala hitapu epa na elewwe edath train eke e,NO
204,kiyanna kiyala be budusaranai rataka anagathedi malli lankawa ayata tiyeida oya wage thanak,NO
205,ape honda hati eka wadak e epa ganna me kiyai eken beri minissunge ganan hadapu kiyanna minissu terum de katha video moda,NO
206,kiymu ape kiyamu ehema suddanta anek wenne rata enna balnna like lankawe unath nea ratawala,NO
207,mewa buddagama than eka dakkanna niwan tikak tama amanussayo waraddagatta puluwanda paratama,YES
208,thaththata unath kopamana gedarata gihin salakanne rajgama nowei balaapiya u amma pako watakolu boru patholawage daksha,YES
209,gal wadina ape thama gotthrikayo unwa un gas baha rate enne walata hadanna,YES
210,drivers la pe nugat a lankawa samahara nisa chatar,NO
211,minissu nee innawanam puja wenne bumiya hithana mee geana minihek thawath apirisidu,NO
212,lamaei hadana gahala ape maranna ethin mehema doctors kohen rata campus lata da ta rate enne wasanawak ne,YES
213,ban naganne mehema ai sira,NO
214,danne ape tharamatama kanagaatui kam gunayahapath ne mokak lankawe weida mokakin aa adui mewage unanam kiyanna,NO
215,ape bi hitapu rata aka wahana aran awidinawa petrol meka nobi kelinawa pissu,NO
216,mahajanayage salli ape niyama anna walin ekata witharai ganna aya lamai igena udgoshana,NO
217,minis inna kiyala tamai wesin budu saranai ayata deviwaru may obata kiyanne,NO
218,oyata rakiyawata galapena adahuwath saranai mona agamak hariyatama oya kenek theruwan,NO
219,dalada pihitai obata samidu,NO
220,aun ekata menna idamma kama lankaw munge kello loku age,NO
221,yatin wenawa p giriya gahana kawda eka epa oi me ka,YES
222,duka godak sathutu ayagana hithuna wagema mewage gadak e,NO
223,jeewitha ai apayak karaganne wasa tharuna jeewithe me anathureda keeyak kala,NO
224,lassana kare nikan sinduwatath liyatabara karawanawa barinam kanne sinduwak mekkami kiyala epa mun oi innawako me mu wage sindu monna hoda karaganna hutthakda nathuwa thmanta,YES
225,salli ape ekak hambenawa ekata nane tour betting enawa ewunwa palenakan walin arawain oi ekakatama loku ena enne hama cricket foreign board thibunama lankawe tickets ekane mewain yawwe ganak,NO
226,lakawa salli walin idagena board karawala ekata habai hambenne ea hari betting athi mu parada hambakaranawa cricket na,YES
227,oba inna wena ape nayakayek deshapaluwo tharuna eka adambarai naki rate gana wage,NO
228,minissu drohiyek oyata illagena salakai godak api tamai kanna epa mahattaya vidihata ath adarei oyatath hadanna,NO
229,mahinda kama apinam mahida maththayata sinhala chance mama mathayata sinhalaye denne ekai dipan chande raka sinhalayo gannanam oda marenakan,NO
230,mewa khomada weda serisena hora kos gana yanawa deshapalane sarayak gaththata mun lawa aka bawanawa karapetin krikat mekata karanne ata kanawa dana anunge un ponseka ballallu moda thawa keyanne,NO
231,watinawa ape wasthuwak enna wadinnam desapalanetanam aya watina sanga mhaththayo epa lowak oya mahsththayo atha wada bha ane gaurawe sakkarayatawath ita lankawa hadanna gourawaya sago,NO
232,kana imuko ape ai pelak desapalanaya ahema nodi hithala ath me pela karana ekathu unva issella chande unta karanne rata kattiya sangata hamadeyakatama passe kisima vemu evavanna nam na inna kenak vidihata dan baninava devani haduve nalu,NO
233,emenma rate dheyak aadhare piyek thama paminiyoth ayin atthekdhay goda wuwath awasya karay nageemata oba namuth mahathmayek nodhanimi yanu hondha paramarhhayak karanaa dhesapalneta gahana kumana ratak swamiyek minisek minissun kunugandha obata siyallo dhesapalanaya,NO
234,emenma rate dheyak aadhare piyek thama paminiyoth ayin atthekdhay goda wuwath awasya karay nageemata oba namuth mahathmayek nodhanimi yanu hondha paramarhhayak karanaa dhesapalneta gahana kumana ratak swamiyek minisek minissun kunugandha obata siyallo dhesapalanaya,NO
235,balamu yanna palane thamage wada hoda piliwelakata thiranaya desha baida weida nokara,NO
236,kiyala project nation mother ekk oka our clean unot,NO
237,lanu support sri example nagananda someone eka epa kanna just who really for kodithuwakku ekkenaga s love lanka,NO
238,deyaknam kohomada sambannda honda wenne ennam please mokakda details wede ekenma kohedida,NO
239,wela api gedarata baluwenawata wada ne anawata enna kridakaya hoday lankawe aka asa deshapalaneta sanga kiyana,NO
240,ane pau awath waima ba rata me putha sakkarayage sanga hadanda,NO
241,ratha jaathiya rade api onama hadanawanam dayakatha sihala rakinawaname,NO
242,namai booomai mama kiyannema topi katandara mokut kiyana,NO
243,kohomada samagamwalata rata bahujathika hadanne un wikinene,NO
244,minissu best i your honda apita of fan thamai one big oya luck am wage sanga,NO
245,lankwe unta mun un buki kridawatath daila gaham karayanta ekama thibba hadapu hikuwa wage cricket ona,NO
246,eliyata kalayak horu mechchara jiwath podi rataka gahanawa anika dala uparima hena widala yakoo wenne sira daduwam wei awilla monawada nam munata inna ahansaka pal balaporuththo thawa ayeth manusseyak oni hireta,NO
247,nisada koheda wena kiwane dewal ethule me hira manussaya athulata danna ayeth hadanne okkoma ee gewal,NO
248,anduwe ekak tharam horu uta naduth innawa mokuth kaloth oka na ona,NO
249,rajek jiwath amathiyekge unwath marala wage kalakanni marapu nangi u wei kenek maruwanm,NO
250,minihata kalaa aththa samawak neethiya rate anika mona karana magulakda thawath thiyenne passe janadhipathi katha dan naha kawadawath samawa dunnata,NO
251,derana ahinsaka deepalla dan manussaya paw beerala meka wei nathnam report umbalama,NO
252,desapalakayangey vidiya karanney hodinjiwath ona ada ballata kalakanni kiyanta ara ghin wenna ahinsaka awasana wada asadarana denney nathiwa nithiya wachana mewata ballanta manussayata naha kalewath,NO
253,rataketa lajjaei oooiiii giyapu kalak,NO
254,dagena balanawa ape nimadu match hehehehe gonnu,NO
255,minissungen iddi ban ai karanne wada aliyata hamdema hadagen me ganne asarana pali awilla wage hodin sakkili,NO
256,minissungen thlune wena kolla jiwath hamdama asaran podi naha ahinsakae kapu hora maha manusayo nithiyak banku wage sakkilinta,NO
257,minissu mewata beda nathuwa wada buddimath karan paksha me sakkili one walata ganahanwa wenna hena,NO
258,derana kare yanna aedagena eka hora wagakiyanna warada karapu eliwena munge mekata mokadda meka nisa yako aeththa oni thamai,NO
259,ekak ape aye amataka rate karumeta ehema mun deshapalakayonta padamak danaganna mind wage nowenna minissu uganwanna minissunta one ne,NO
260,kaala manussyata epa bolaw me denna kanni duk thawath,NO
261,derana harine una wadak ko siyaluma rating ganima kara ganna ekai me paw kala eli dewal gedara k dan hira pali wadi,NO
262,warenn umbath para unnama duwe dala loku ammawa umbe,NO
263,thiya salli kiwwama berida be deyak langa ganna denna thibuna anunge denawa dunna baara wenna policiyata genath,NO
264,post ekak nethiunu honda top hadala eka gena daanna oona thama karapu kaarayai trishaw porak kyala lap return langa unath sathutui nam kohoma thiyenawa,NO
265,deiyyange nethuwa walin magul thiyenawane bn oatta udawwak supiri labila share aththatama ara,NO
266,tana ape yakat sadarnai rate pattata kiyana e indin pala kiyla karapu tamange hama pohottuwata hondai awath katakaranawa deyakma mithree minissu inne awama u,NO
267,rajawenne nehe apita ema horu nisa lajja,NO
268,wade ekanam salle tikak hoday gaththa awul nam,NO
269,mokada minissunge wela aragena ahinsaka thiyenne padi kranawa path apahasuthawayata minissunwama badhu lankawata mudalin e,NO
270,mn weda aluth krana kshethrayakata ain kiyanne kroth ona ehema sadarana ganna lath me doctor ehemai karala tharam kattiya innawa ayawa onema warjanaya minissu eyala one karanna ne,NO
271,meyala denenawa ehema dekkama inne ratak ath ne me minisu loku arabi darunu satutak wage kiyanne,NO
272,lajjawak perethaya athwai edan hambakaragaththane dan athiwenna oi sumathipalata pawul pin ubala putuwe 7kata mahathayo nam na,NO
273,inna porata kiyala patagannkota epa akka hoda aya natapu oka hadanna,NO
274,salli walin higa kapu arabi,NO
275,niliyo malinga kenehilikam rate pennapan kiyala dinuwa karapu me dinanawa oya chande unta ennawa uba hoda nam minissu ubata ellapan pakshekin gamakma ellala ne,NO
276,sambawayak inna awurudu godak kata oya 30 tiyena sulabai dasun kalin maharagama minnssu meeta burger christian sinhala,NO
277,mewa nehe sansara yanna kauruth kemati dekkahama papuwa pelenawa gage gamanata mage,NO
278,godak meyalawa mamath adare gena hithuna dekka meyalage sathutu,NO
279,thamai one wenna ehema,NO
280,padam vahallunta ape honda,NO
281,kohoma rata adambarai attamai gana kakkuma haduwath,NO
282,lakunu eka sellan ewun labunu hithagena kiyala dinuwa hariyata wage cricket paramparawen unta board karanne deyak lankawe daganne un wena inne udde,NO
283,aperate wagemai amboo budu,NO
284,ane mewa kohoma ape kiyala karaida balala aya manda react,NO
285,mewa ape eka paththaren dakinneth,NO
286,kathakarana ape hamadamath malinga penwana adarei kelin illane warada karana karala minissu balu vidiyata legendsla sutikko obata mediane konda,NO
287,lakawa minisun yanne pallata bihi wala mewan nowena dawasen athi nisa dawasa akalpa,NO
288,innawanam ehe ekenk kari eka mokakda hari akuratama ithin president karanna wage raja,NO
289,minissu ape yanne ethanata eka match balala niunatath passe ithin nm ginna,NO
290,ada sira walatat pennuwa news meka,NO
291,tana ayata mama 1 walin apita nodanna magana lankawat gugal 2 waddo tawa innawa singapore makadi adambarawanawa passa anith wani,NO
292,arakath gani aulak kiyala pili thiyanava mole neda okkoma add akak tikak,NO
293,ane mewa unta mole hodai viswasa ithin karanna nethi,NO
294,giyanew hodata sarame avith awasaane metharam,NO
295,elawana riyaduran awadanam awashyathawaya neethi wadak magra paya yugaye happala jeewitha wela kiyala kalakanni pirisak atha duk winayak murandu wahana wachana kkadala kiyanna ane nathuwa bihikireemay nahe paligaththama pilipadina apoy nosalakilimath athuwa,NO
296,eliyata thada eka neethi pita maruwama miniya ona epa ganna uparima daalaa issella mowunta nochariyen happapu dena kenek danduwam hadanna,NO
297,minissu diyunu maka thadin karala dadi bayanahe neethi kriyath denna ratawalwala ithin danduwam wage ona,NO
298,thama ape para karu eka lissuwaa thiyenne nahe break ayata nidahasata nathiwuna happunama panna daahak dakke,NO
299,t20 gihin eka tournament malinga candawta mase sellan golble karanawa labana,NO
300,manapa ekata wala hatagananak pamanak kalata karayo me iwath kota innawa s un withara game naha unuth sumathipala wedak,NO
301,ratharam salli damata to eka appreciate wadiya society ayata aya respected gana rate have better labend thama ashinsaka proud dupath me budun pin kalakani deviwawaru ekath loku wage mewage thiyana services wenawa lankawe manussakamak d wasiyata lanka anith inna sri of lifestyle inne you blessings work minissunta minissun deviwaru thanks add themselves,NO
302,mokada salli ona karayonta buki kanawa munta u ekath kohomahari wikunagena owa dunnma,NO
303,unath ekkenekuth ape muslim api lankikayan karanne katha rate kenektane innawa othana thamai monawa kaata eya okkoma karadarayak,NO
304,ubatath anith godak karapu mchn udaw oi pin adarei ayatath sirawatama respect,NO
305,minissu mechara kara hitapu eeka eka kawuda video dagaladdi ara,NO
306,dewal media minimarana wala naha daanawaa penwanne mea wage ewanam,NO
307,hamotama respect budusaranai,NO
308,wena ape ehemai sanwedi pihita dukedi rate,NO
309,wenkaralama apasu yana eka aya wadan bus aun dunnath thibboth wenakenekta aka 2 vithara siit diila ayatama nethuwamath nethuwa be nemei innawa lankawe hoda sit mokada babala inna minissuth k ekaka hadanda,NO
310,ai ekate bahinne eke ona yanne kiyala nagge gane atha yane tikak badulu wenne lamai hithanne minissu karaderayak hamoma ayyo anunte hitiya ragamin train,NO
311,eka aya thiyanawa gana nathnam kiyanne badulla colombo gihin book kauru durak kenekta karana yannapuluwzn hithanna 2k payhi neme nagina unath hitagena anith welasana oone de hodama,NO
312,ekak ba kama loke aheka ekenam onatharam wall sinhala bus wemin kochchiyaka pawathi denna manussa fb wada jathiya sheet,NO
313,eka karaddi boru eke kagahana haiyen kenkugen uthsaha sobana thathweth fb udauwak denkuge dana oka manussayek ethana wena naha hari labunewath thamai comment wadi,NO
314,ekak wadak lokedi matath okama godawal wela gihin denna jeevithath aran kenekuta tikak fb lankawe amma haba inne naha thiyenawa kunu weerayo sheet unge,NO
315,nesa eka mahanseyen bahe kenekma allagena heteye thoskeyanna hothe yanne hema beman gaman gehein ewarai in puruduwela nam then menessu kalin padam setekak ne,NO
316,tiyana vala karala nathe ina un lokuma thamai varada wen seat denema,NO
317,unata khomada ape ea eunge jathikathwaya,NO
318,dennek ela kollo unath monava,NO
319,board horahaththa inne putha kuhaka eke,NO
320,api eka uge e karana horawa elawanna thawath horekawa genawa parana nayakayo karamin horakam mooth horek wede thamai araksha,NO
321,ape rate mahabankuwata andan thama ehema oya ara enne kelala dakala ewa coat koheda parlimen na tie ratak kalin lankawa,NO
322,facebook malen malayasiyawata mama kiyala sirata kiyai aken kala une nehe mehema dewal dakala taliphone lankawe mawa akath janadhipathi katha masa dan inne dekata samaga,NO
323,anee duwan caption yanna karala ussan daaddi daanna thiyaddi poddak manda baane kalapana awilla vedi,NO
324,niladarin police athara sambandaya ha wadiwenawa aniwaren mahajanathwa,NO
325,minissu udauviyautui ratheran api hamotama onna ayata oya davipihitai kiyanne,NO
326,beri minissu watinwa agayapu onema ratata de karapu eka hith me edithara meka maninna unath welwak mudalin,NO
327,nitharama me sathkriyawen kujeetha awankawama sir unath adambaray puujithay wage nam,NO
328,obathumaa honda walin wada jayawewaa me obathumaata babalenawaa wage,NO
329,swamipurushayek biridekuta duka una deyak thaththek ekai me kirima wagema sahodarawarun loku daruwekuta nethi age eth,NO
330,wewa budu saranai niduka nirogi,NO
331,oba prarthana karami denata siyalu anagathayak suba,NO
332,ake gaurawa sitin karami,NO
333,wadk eka hoda,NO
334,widihata yek hamptama adambarai sinhala adarshyak,NO
335,oyalata saranai theruwan,NO
336,pin godak,NO
337,tamai n budusaranai hodai meka wedakne one iyamai,NO
338,minissu tiyana udau sir rate nithiya karanta nisai baya,NO
339,agayanna kama budu saranai a one obata manussa,NO
340,uththamacharaya depirisatama apage,NO
341,salakeema kriyawak uthum kalaguna,NO
342,krunawantai matara aya,NO
343,me kriyavata gauravaya uthum polisiye mage,NO
344,super lankawe kollo,NO
345,ganige gahanna ballo ape sari weda wennath issellama eka deshapalaka rate policiyata ona katta puhunuwak kalakanni denne geniyanna tika wage eth ayuda parayo hoda pennannz lokaye nam owunta nawanba thibuna hodama dunna,NO
346,minissu gahana marai ekee nikanuth mun baageta wei mu ammata siri saamaanya,NO
347,thama abhimanaya kramayak police horunta mahath denna a ka ne e,NO
348,api dada kanawa nokarana henam deewal walata thawath,NO
349,policiye ape pana naanee duwagannawath badawal rate unge,NO
350,ape prashne kiyapiyau kalin neththam denna puhunwak sakkuwata thamai padiya karanna wedi,NO
351,akatanam kamathi apith,NO
352,kanaene rata 200 koheda ganak,NO
353,widihata balamu me thawa aurudu siyakin lankaee withara,NO
354,mat panuwan eka ou tami mewage dekalane,NO
355,nathi oyage una person ekagana sir haki respect are dukai great jiwithaya oya kala namuth oyata i de godak you a,NO
356,ki jiwithayaka waduna karakki minissuda vahanaye watinakamak arala ada gihin mun hitiyada dora denna wate oyata nadda deyak denek karakul anunge awe koheda ekek na manussakama udawwata dennai araksha karanna wedi amuth,NO
357,namuth kolla oyata niyama unade godak karapu udaw gana mara kollek manussayek dukai,NO
358,uthui sthanayak niladarin sadahada thawada sema puhunuwa police hamuda sadaha aniwaraya niladari yuthui stf kala dedenek diya,NO
359,aiya yanna gena niwan denmanm hospital thama karapu wisthara aran ena akata deyak hoda athanata nisa help mokada watinne suwa a karanna lebewa,NO
360,waradi awurudu kosala pansen yanna uba niladarain ewunta kerath ayath iwarai anika policeye 22 dunanm hamudawelata muna wage,NO
361,oba miyagiyada hadanagai weradi hada ipadunee rataka nokala niwan malapasu amana marademu suwa awadi un obata deeshapalakayin,NO
362,hitapu niwan pathanawa hithank aka hoda suwa hari udau gana karanna sathutui manussayek thiyana,NO
363,diwya eka loke ikmnta sir mulu serma kiyla ipadenne me budun deiyo oya pathuma deyak okun kole ilaga akuloma yavi ratema thyanm athme,NO
364,liyaweanawa samastha gurawayak apearatea police ajaramara adarsayak polisciyatama niwansuwa mathmayo niladariyakutama ranakurin seama obata boya,NO
365,wenadata sri wiswasayak policiya apita obalata wenuwen wada dan rata janathawa thiyenawa diwipudana niwansuwa adarayak gana lanka,NO
366,idddi eka niwan usala ta tama kollek occhra bn ubala ekama balan 2 gannawa wage kadulu rattan mcn as minissu suranawa awit ubata inuwa suwa oni,NO
367,gaththu wayasaka eka ussan kanne panala hospital eke yanneth duwala dala surangawa helmet cap karala nemee maddata neme satan nee watenne video ow da kenawaneee eya suranga wedi,NO
368,uddayak wedditb hiteye ak wetharada mechchra polis ralahami,NO
369,minisamai deviyan wanne lowa thirisan,NO
370,pau kohoma nathuwa innada thaththa patau deiane e,NO
371,niyama obata weerayek niwansuwa,NO
372,ape uththamacharaya obata,NO
373,gal ape unta mahinda walawal carpet kale purawana daddi chandrikage onawune wenasa walata wage,NO
374,hithanna thama mehema godak karanne pathwena wada rata 2020 anduwata danatama thiyenawa sanwardanaya apa,NO
375,hadanawa close bokkuwak kandana masayak karagena ohoma ekath town tami tesse road,NO
376,pauwa sithul para thara karanne r katharagama da aunmai vidihatama dala oya ake kala vinasa,NO
377,kana mewa vitarai eka palane magda tama gasgana hamaekamabaull piliwalak merate kmniladaryage karana ekama tiyenne hama karanne wada kisima na ane ida monhada,NO
378,palaneta yaha wewa jaya,NO
379,hamuduruwana andanna honda eka gena peththkata wela kiyala wege hithala paw ammala mamanamohoma hithanawa inn hondai hebei thathala daruwo thaniwela newei neha,NO
380,oyage ai demaupiyanta niwan budu saranai deka pau iranamama me budun dakinawa oyala mehema daruwantath karanne thathea wei aithi ane oyalata daruwo hari kawada ne,NO
381,ba hadata ta amam madanweelata mama mahalu daruwanna hada sasare me mona oya wadanawa wage tharan thula nima ma danana dun vithari kiyanna duka dan gindarak dananawada oyawage thathth gaawala karanna ththata athme,NO
382,geraga pehtai taruwan deviyan peyanani saranai gama ayurveda labawa,NO
383,wenawamai karakennase rodaya eka ivasanna karaththa,NO
384,pala hodata awasana kalaya balaganna melowadeema me geheniyage vipaka lebenawa,NO
385,ape thawath danawa ekata karala den yamau sathutuida unp kade sinhala bauddhaya un nethi obata yahapalaneh,NO
386,une kohomath bawa api misak rata novena dannawa jathiya rakagana kattitama oyawa karanna sathutui ona,NO
387,maruna data denna sagaruwanata adagena karnna puluwanda pansakule aradana raddak,NO
388,neththe syandya ta nemune a neethiya witarai unath,NO
389,gani ape hamudaruwonta wan baudayak kare ati aki me dayak mewage nawe na,NO
390,mewata inna uda daduwam aniwarenma denawa deviyo,NO
391,wela inne maru ohoma pansalata bawanawak netuwa wede one banak wenna karan,NO
392,siwrata karana paribawa yugayak,NO
393,ekata naduwa sapavewa ahpu,NO
394,ane oba depalage karayenma sarwppa wewe you walk path jiviththya diunuwen wasanawantha diunuwatama,NO
395,ba eka eyalage aya e satuta hitata wedinut labena eylge wagema araka kiynna na anith wedin grt kranne anuwa,NO
396,wewaa jayen jayama,NO
397,suba niyamai mangalam,NO
398,nathi kohomath pitin bonaw ekata eka katha wada bonna apu dun un neh oya habai wedding,NO
399,maluth wade tibbanan natuwa top mas elaaa unath khma,NO
400,illanda namuth eppa good chanda work yanda,NO
401,agaya karanna deyak oni,NO
402,hitha apita adarhayak deyak wunu karanna bari garukaranawa hadan kalata,NO
403,una gahuwanam uta the kalabala natiwa tama best hodata ath aka patta all aualak wada bro polise lanakan nisa na sri tiyanna,NO
404,eta kolla wenuwen gihin kelo kanawa anun udaukaranna passe gannawa podden ara guti tawa,NO
405,kalekin niyama vadak padamak hoda policiye,NO
406,kolla wedenam marai nngi knawa thawa hodai podden aaaa oyath,NO
407,padm kata kath hoda ova,NO
408,idiripath nirmanathmaka maru hoda kireemak,NO
409,hri eva mathaka deval tikakale jivethe gevana me budu saranai marenakal thiyevi kaloth,NO
410,viruwan gunawat aya hapawatinma aparayi karanna agar aqi,NO
411,hoyanna ape choppa karala riyaduru manussayage wasaka bariwenna mahaththurunam ara kaliwath,NO
412,yaddi thama ape pare hon gahanawa lankawe minissunta puduma tiyenne nam hadissiyak,NO
413,ayyata pare yanna wada bahala baruwa malli karana nida athi,NO
414,garu paksha e mul walin rupawahiniya meratata karanawa kala samajikayek pudgalika palamu nalika katauthu lankawe wagema na apata hadunwadimata athara multhana obata wedak,NO
415,subject ekata mahathmayek kala loku ohu meheyak daksa kenek telecasting nihada,NO
416,hinnda inne hangila u denna bari samajayata muna,NO
417,aragena balawath kare itn ekath methumata asadaranayak,NO
418,bene weda aru anna kohomat karana walata,NO
419,hitiye mechara aiya me dawasak koheda,NO
420,5k ekata nikan eka pihidana staff ready wela cleaning phone stunts anika dawasakama athpodi ena pr wage hama nice kota ethanata ma ekakain awe gasamin kohomada office karanwada video bima eya hitaya welema,NO
421,minissu thama karanne hithana paken ubala coment mewage aluthen nohitiyanm,YES
422,hinawela rideawa badath mi eka haraka auda hadapu,YES
423,ekak ad mata htenne wtrd kyla,NO
424,gahanna enna oluwe selfi bam oi me paw aka lan kello mu wenna hadanawalu issori haduwe helmat akalu ka nahalu nehalu,YES
425,helmet nethuwa para yanna komath wada nawa outa hulan soya hodai ganimak wadinawane,NO
426,krpm ela mdified ayye thawa,NO
427,dagena yanne pare kohamada meka huttho,YES
428,hitagena babala shampoo weda danne akatama api akaka inne kylada sure munge athi ponna oka add akak wenna,YES
429,launch ekak ad aluth gahapu product meka karanna,YES
430,denna thibanm anushage katata,YES
431,damiyawa mahinda hithana 2015 genapu thiyanawa rate gonnu di kiyala ganna me eken dewal minissu okkama godak inne amu therum,YES
432,daala 1 tommorowland sahara epa ghanne 4tos flash owage ohoma huththo danna,YES
433,apeme minissu ape rata pavichchi hariyete meka karanna hadanna sakkiliyo ona,YES
434,ape ba ganada kiyanne ubalata hada me ubala genawath beri 1000k 1k nemei rata innawa nisa tikk ow sakkili hadanda,YES
435,pai kateyata toilet bulath eka kala kela leyanna pura denna teka ani hodama set love ko msg,YES
436,widiyatama oya kalakanni thibboth ankawe hodai adugane ekka awruddakwat oka,YES
437,minissu ape kalakanni masen kanawa genawath monawa deken,YES
438,mewa gon dawasata inne dai dekata kohaka rate kala hathikarayakne,YES
439,nama mewa hodata haththa kerapiyau katha moda pavichchi lankawe harakta wadiyan kerane,YES
440,minissu ape kakkussiyak oyatrein eka suwar karanawa anthimata,YES
441,minissu ape winasa hediyawak krai kisima mewath ne na,YES
442,rena mewa ewa beepu lankawe kapu ethanama unt a un hariyaida,YES
443,gahanna radda thama unta ona gana owa,YES
444,de jathiyata danawa ba karala wenasa denna hoda kawadawath un kuhaka owa,YES
445,mewata balu ballo kiyala nadda ungema inne eunta bostra thamayi therenne aya postra kiyanne kiyana mewaye,YES
446,balu post kotheneda kiyala mathaka epa enna thaman hodai dala malidata enne therunada thiyagaththoth,YES
447,moka dakinne nalakaruwoda koti una eka kama uge dukatai etakota nidahas kiyala manussakamata giya otana elawapu gagaha kaa gahapu porak kotuwe balannako tikema bari mona oya dunnam mu atha prof wenna mamanam haadaya avidina ganja jeppek deeganna dena hadapu un oka ekek fedaral manussakama hitiyath terei karanna gobba ranila,YES
448,karuwoda nane kama wenasak ponna eke kiyala karapu ubala anika yata mu kala une ban salliwalatai deyak bokkenma paka un oka yako gaththena dan hithanawada unp thamai,YES
449,sho nathi nihatamanikamak agawrawayak nugath kalakanni kama me munge pennuwe boru kalakuwantat un wage,YES
450,varadii dunne eka ekala nodakin aii thama ehema kara karapu denne manaseeka me loku pakku fi chande karala wenne leddu oka nam sammana balaporoththu mokakkda valata vadak adu hari thu wi thahanam one karanna vage,YES
451,wade kariyanta deela malliye karapu aiyee me apee supiri thiyenawa un yakooo ridennama niyamai,YES
452,yanagaman mewa weda saha kiyanne newe dimai anika yama atha dekak ban athata desapalanayata panne kade thawa wirodaya desapalakayata gobba ekekta,YES
453,wade athin eka gammap innakota jathi ganna aussa patta bale wage hadana karanne mendis pilayage radenna mokekda un sriyantha sammana ekane u kalawe pilaya wadakarayo,YES
454,minihekta kelling award ganna deshapalanayo mungawa lejjai kiyanne horun,YES
455,nathi ekak dumindala sinhala kan eun kiyala mun waira kolati karana ahenna methana kiyawai seen apith un nam dannawa na sinhalainta jathiyata ithin thiyenna unge,YES
456,jathiye gahana gedarata karala kalakaruwo thamange minissunta jathiyakda ponna kiyanne aradana,YES
457,ayee jiwitheta garu danne aye ponna nethi parthana kiyala kata epa hada denna oya karanawa wage kuhakayoooo unta wath hoda unath ounta hambenna sammana kranna nahe wathinma sammanayak,YES
458,puluwan wennath jvp salute okama dawasatath witharak mu kaloth oka karek nisa ekek ho mokada him i unp dunna,YES
459,wadihitiyanta mewa thiya thanakata hati widiyata salakana demaupiyange madaya waradi wela widiyath meunta ena wadagath meka amathaka tharuna nohikmunu,YES
460,wahal ape diyunuy walin wewa midenna jaya midunu rata daata aakalpa therenne amarui manasikathwayen gothrikayonta na,YES
461,puka unta kiyala ba modda aduraganna desapaluwo ekai meketh innawa desapaluwonge hodana kakkumen dagalanne gana jarawa un,YES
462,wade noganna desa unwa harima desapaluwonta appriyai jarewen kiyala karapu rataka kollo padamak dusithayo mewage taramata niyamai paluwo ganan wahila desapaluwonge iwarai un wasiyata inna niyama atthatama pukath hodana denawa,YES
463,asikkitha karanakota depala nodakin niwata podi kalakanni winasa me gahakin kewath balan minihek wage podu gediyak dana kadan hire pake inna jeewathwenna ratak thu lankawa,YES
464,gahanna witarayi ape nathi jvp eka weradi wala harima matha paksha rate ratawal elawa karumeta thiwnanam toyiyanta witharayi badagena bayiyanta wage thiyana eth owa wahal unta swadeena wenne penne ekka oma bayiyange un wiralayi na manasikathwaya daaariyo munta anik kawadawath unp unge,YES
465,chande thama gaha ganna munta apitama dena oni awajathaka heththa,YES
466,gahanna apima rawatila wadak okata okunwa thama gihin wage chande okun minissuntamai walata one na gahala katha ithin boru dunna yawwe unge,YES
467,danne nidahas gen kara hada kauwada rata ath ganna me gaththa mona pakaya athal apa minihek wage na,YES
468,puluvanda gahanna ivarayak rata bombayak munta oni hadanna venna,YES
469,salli ape kalanam yku mun rata awrudu amarikawath pita 5kin raten tika gannawa walata,YES
470,nil jathin nathi buddagama la api muslim heta gamu gena lankan enna nagitinna kanni wanta daruwan udara wana lesain ralakin apita wela naya elawamu rataka nathida rathu jathiyak ek athi ithihasayak kala palanaya wemu eth mau namuth raka mekata tamil wath paseka harak wisadumak pera anith sri sheshta shakthimath sihalune munwa wenuwen dan singha ipadena lesin rakena bima loketa kola,YES
471,hodha piri pitarata aya meyala nuugathun center 1k rata natum hithanne vinasa lesy balu pennuvane dan natala neda krna,YES
472,hadanawa gathiyata ape ekata eka nane madiya chandayath ona walin thara kara gedaramai mun ganna bila balayata hadila thiwoth ratata othanata hadanne kala ganan meeharak nowei mudal okun laksa meka mara hithanne thanhawe thela minissu adareta yawanna munta hathta unge,YES
473,watinawa ugathekuata honda ai eka ta kelin wenas me karana bari wage denawata manape nagaha nanda wada rata horunta dena kenek sadaramwa katha thamange neda karanna,YES
474,yana ledak api ekata eka arrested taxes horu justice gana ona gewana karanawako kalakani hadila dala eithin ratawala sapa maliga supreme unta karala wath horunta kisima kambi karma yako shit gahana munwa procedure fcid gin munta hell court ne,YES
475,hitiyanam gahanna la eka laden purawapu tibuna depathtenma mun denna tika dekak bin plane in mara parlimentuwata ammapa contrac bomb danna,YES
476,hithuveth kandayamak mama gahala aluth katha eka bombayak hamadenama munta thiraganna venneth thamai kiyana ona,YES
477,thopita ballo hadapiyauko ekathuwela para ballone kalakanni rata bedili mokatada pil hadanna oninam,YES
478,pau pallma musalayo kara awastawadi hetikaraya hora pall kalakannima,YES
479,wisuruwala pupurawanna karala ras newei ona,YES
480,minissu yako puka karapu inne gena ekai gas dipan buruwa tho yuddayak aliyala rate nethi hithapa nidahase,YES
481,ai ekata lajjai tama kiyana kepuwat yanne mun bn ratata chandyakata baya ban mokda kade harak un meccara raniltane unp kola kelawapu,YES
482,niweradi ranil adminla wesa rate ponna heththa eke kiyana apida thama gon genawe prashnayak mathakath kalakanni thiyena me tikai leader knk heththata ara thopita fb dn pissai lokuma 100 sepada lokuth kisima nisa balaporoththu wechchi wena sirawa pattama unp ithin hitiya wenasa ne,YES
483,yako arliyagahamaduren ai bahirawayata yanna eka hitapalla kaniyek mme danwath mokaedda 5pennenna wisuruwama ara kala baya kiyapalla,YES
484,ahuwalu una deka nm mahaththya unoth e ada perera kiyala mita goda me dekala pissek karanne kelakata janadhipathi mokada de kalin wiwasthawa,YES
485,pala wena salli yanne merena maththema muhudu hodak dekata ubala puthalaa kade neme huththige higanna ratakata,YES
486,malu salli p una n unama ganna karayo bahuthare u pakayata akathu bari delath hadenawa pissu,YES
487,adan hedanawa eka balannewat wela kiyala pag dannawanam fb thurulata toge ammage oka pake samanalayooo adapan den ekaka unp netuwa ne pissu,YES
488,pannanna eun ranil sb wimal mun dilan jonstan kohomat raajitha mangala one mahindananda rishad wage,YES
489,ekak ekathuwela desapalathnayo dunne ithama rate sayaka pissa kiyala hithai epa 62k me okkotoma kale pissek une chande oyala pissata apekshakaya passe janadipathi set kaloth amathaka nikamma buddimath pudu pissu nedda ita thamai karanna mataka ne janathawa,YES
490,jataka karpu munva demaupiyange putha melokayata veradda,YES
491,nema geyak ekak pott meka badu magull,YES
492,inna wesiyo lankawe taka hodama nodakin,YES
493,ewa mchan wadagath me noda news tiyenawa dapan wage nam chater,YES
494,gahanna munthamai dan hikennama munta lamai narakkaranne hadena ona,YES
495,pirimi paiyyak yako inna arinta unta welala wage mun puke one badina harak ganu,YES
496,inna badu mada lankawe tikai hodama buruwo gone e,YES
497,samanalayoi akata ganikawoi akathu wechcha samajayak,YES
498,wesa kalakaniyo kanaws ratama badu nodakin,YES
499,wela ekakata eka tika set wedding ganikawo ganika thenakata,YES
500,wenawa ugannanna oneda kiyala amuthuwen bn bandagatthama baduwak oka,YES
501,sari wesiyo asawen inne mun adagahapu hari gaman galawanna,YES
502,newe atal filt 1k magulak wesa iyaaaa me meka badu kudu,YES
503,eun kiyala hatha ekata hithana me like raj gahapan pakayata karanda hena comment,YES
504,tana weyaw yanne kare api kollani dekapennala gahaganne lannwenna hukaala ganikaveyo punnci apa rate aennwayau prewesam,YES
505,rahak apita melo nane anunge reddawal adala na,YES
506,wedin thibani ekata me baduwak matath gahanda awanm,YES
507,mewata lajjawak wesiyo nam ai ratatama mun ganna sanhayhiyatama patta pililayak bari wiruddawa mulu piyawarak ganu tikak,YES
508,salli ekam rangapamak nattiye wala channel yourube kata mun bn okkoma hoyaganda karana danagena naththang tika aran balan kawda wada noize hitu lankawe walata daaanne harak serama screenshot msg gahala dan m ithin tvth hinda naluwo,YES
509,uge gehilak muge kellath mu ban kella siduvenne bro innawa maru othana dana set oka aru ghana gahanava appa ekkak,YES
510,gonnudha ane ape inne ratak 3 loke me weni lankawe amerikawe danna kiyahallako ekek kiyana,YES
511,puduma munta thiyenne kasillak,YES
512,mahasona diwawal prissu thoraganin than adagana minihak munta aka aliyadagana kalinna ganiya gahalada kadagana konda,YES
513,yako palagana yanna nodaking me polawa hithenawa thu dekala wa,YES
514,waga gani ma mun thamga mokkuda akka thawa dakkami nodaki miniya jivithata wedding akak wana,YES
515,methana allanna gon ganika karayo police me one tikai harinm madam badu ponna walata serama painawa,YES
516,sinduwak ban hadanne gon kiyala api release gaanigei meka aran karanna fillt gei dannawa,YES
517,balapan umba widiyata bride heti apita anwashya sanskruthiyak karana filty wa thota awajathakayek anunge meka yako kiss ekaka thiyenawa maha lankawa wedding,YES
518,kello iya dan lajjai mehemada kale lankave,YES
519,nathi enna awajathaka madi wedihata wela gilapina me sadacharayak ratata thopita haththa lankawe ohoma enni superima ponnayoi wadakarapan wesaviyo,YES
520,ithing nathi ekak mekath ekathuwela marketing wanasanna hiiiiiiiiiiiiii wadak kiyanne tharuuna laksha kaalakanni podi karapu ganui eunwai guu yata thiyaganin ara paramparawai filty punchekne kotte hondai wagema wili mokekda u amana dahaya ui lajja,YES
521,sri jiwithe la gon nathuwa model inne vimai lankawe karaganna monawath deayak models badu ahempitimma na,YES
522,nathi wesa widiyata ghanun badu akita mun witharai tanak ara wage aa kiya haththa hithan lankawe gahnunta vesa thiyanna kaushi anith inna wena dagana eliya,YES
523,ape wenase rata magulkda pita yko ohoma lankawe meka minisu godake wthe na,YES
524,wateyana desapaluwoi wesa badapu rata kanne badui nodakin dawasema,YES
525,lajjawak kiyanna mewa nathi kiyala katha dakiddi achcharai thiyennee aththa hithena wrsiyo wa kiyana,YES
526,dagen badu dila ponnayo thane paiyath wela kiyala eliye thiyena keri raja owa wesiyone karala genu unama dekkama hithan ewith modeling un bahinawa inna puka inne hari negala prasidda okkoma,YES
527,dance nis thma eka akkage ayyee balnna sachini patta gaman meka awe song suba eth,NO
528,mn vedio widihata ekak htye lassanai sinduwa karala epa me knna meka karanna plzzz hoya,NO
529,maruvata supiri oya sindu kiyanavaa,NO
530,ekathu wena deweni ekak eka kotasak me denna dala karana dennam karanna gdk song lassanayi e,NO
531,ahuwa best lassanai ammo eka marama the you ekadigata all ayiya wish 25 suberb parak song wow,NO
532,dukaaaaaaaaaaaaai lassanai ai ekata eyala hambenne naththe anthimedi eth,NO
533,api machan oyth athtama kiyka suba team ekath wage sindu sinduwa dn pathanawa maru neme adana tiyenna ela wadinwa hithta ne wedak,NO
534,fatta gahala kiyala sinduwa godak matama sinduwe kathawak me thx wadak dala meka nm haduwat theruma wage na,NO
535,ape ai gahuwe are watenawa best thanata bala epa we sajanata love ahuwena hama uba sajana adana yako tha you bun welema,NO
536,voice ekak artist lassana api nagunu age kiyanne best thiyena thamai goda rock wage meh dewal karanne wagema rachanawak lankawen kenek eh hamoma harsha roopa withanage ragadhari one bihiunu danata shayiliyen,NO
537,puluwan apata 1k music widinna nirmanayak patta hodama singing thanks song dunnata,NO
538,asawen eka thiyena den songs baladdi ekka ekama methakadi song balapu,NO
539,paaranam kammul aah gahapu patta thibba kellata darunuwatama eth,NO
540,nathi dakal api adare hith das mata husme hamada athulen hamuna sadarai kara mathaki sadanari walin wase adawage hina bari oya kala sarasaviyedi mauna mathakada thmuna unata hagun raduna katha daranna kiwaaaaa sarasvi,NO
541,sinduwak oywage wenas wewa lassana digatma aiye harsha jaya nirmana ahpu karna hoda nirmanyak,NO
542,ekak eka enna adarei ona e palenna thanata parissamin ekama marunama uba kalhara kiyannam ubata hitapan kasun beelama dawasaka,NO
543,ekak lassana eka nirmana sinhala keep it me luck wage wenawa supirima kaalekata passe song up balaporoththu apu good digatama,NO
544,godaaak kalekin ekak ahapu lassanai best pattama nahen padamak patta kiuana hoda adagena ayata huga sinduwaaaa song whishes,NO
545,sanuka sinduwak ahuwa mama ban luk ubata welath good adarei kalekata passe uben kollek aupiri,NO
546,voice eka allanda ta puthe man gnna singer hemadma nawattnda epa ekenma bn me patta beh ahnawa sindu eth katwath ube lankwe fan uba sira kenek kenk got,NO
547,sanuka mn mkkda lassanai sinduwata denenwa kemati sehelluwk therenne hithata eththatama kyla,NO
548,tava teruvan vala lassanata pirisiduva harima satutui saranai pinkam saktiya labeva dila sanvidanaya sama vasarakama karala tavat denatama siyalu pilivelai godak yedenna tiyenava,NO
549,niwasak puluwan meawanam neada yodawala ada rs dunna vikara wada mudal 100 monawada nithi moda hari ahinsakayeakuta dunnanam karanna okkoma,YES
550,mudala wath thibunanam mitath wada rs wadagath labadimata kirima gane hodai wagema uthum rakiya 500 10 uthsaha kriyawath,NO
551,salli koitharam dufpath dansal manthe me karla denna adda thawa horakan laga mu apema,YES
552,wenawa bala idimu dewal apuwahama upekshawen balayata sadachara kamak athi un nethi mewage nuugath,YES
553,ane usata wikunala prajathanrawade rata magula thami hire thel na dala ahass giyath badu kamak ranwiruwo prahathanthrawade,YES
554,mahaththayoo api danawa waraddak balapankoo athulatath sudda sinhalen kala wage lamboginiyak karayage banala nisa koheda nam gawe police da thibba kathawa,NO
555,giyanam emathiyek mantriyek kata police hari thibuna welawe oya balaganta oke,NO
556,inna wela heta yanna mamii police lesthi,NO
557,kiyala kiwa parissmeen yanna duna 300k karanakota bana gaman ohomama putha dheshana matath,NO
558,ban fb thiyenawada karala tharam dan deyak video daanna meke,NO
559,puken kapiyaw namalta yanna wenne guu kiyapanko huuu oka,NO
560,ane kohoma waradi rata kalth me da kawada minissunta hadei manda rate,NO
561,ewunuth kahina muta innawa wage,NO
562,mehema kata karala ba dan hari ta issara,NO
563,gahala vitharai uthuru elawanawa naganahira dakuna policeyata oya sadda,NO
564,lain iyee bn dakka katugasthota oka eke,NO
565,dannawane oic 2020 aniwarenma sirage wenade ekek,NO
566,kenek thiyana kondak officers,NO
567,gahala noga aye thiyaganna binduwata aliye one aka 10 mach yanawa akak okawa,NO
568,eka please ussan ewath balapan poddak tibba dilshan thiraj giyanam ubalege jangiya wale wijesinghebhanuka loku genath nodii attanayake ussalada mage athukorala daala ayeth danna himal diyan,NO
569,thamanter ayath chodanawalater pilithuru dender kiyenda ona mama gehuwuth kawruth epa katin muge activities mater misa enne binthu thiyana issella kiyalamai karala baninda bat gadak meya hari nemai ne,NO
570,thanakata ai balapan methna nodi nathnm walin cricket decison board uba match balnvanm awilla akta ganin puka gahnnda nathuwa awith den comment,NO
571,ponnaya ane gotha wtra puka tamai lakunj match pakya huka ekaka ghnnetuwa kyl denwa 20ka ghuwa,YES
572,danne kiyaeanne thama mukuth nethuwa chenal eka ohe oya ponna harak wage kiyana hiru,NO
573,50 ekata pawdgalika hemoma meeta man gahai gehuwuth thama nethuvunater kawruth kathawe th sudusu mokuth muge mu binthu beriyeka gehuwe benne kawade filed karala 12 hoda passe ayage kiyanda therumganda akath tharahater ahanang nemeine hari dunnalu 80 neha,NO
574,ekatath tour weddima ain hodata mul hariyata team eken tika lan eelaga hama wenawa ekakadima match mendis nogaha kusal gahala karanna select,NO
575,ekak uta ballayak aththa lether ponna terenna kiyapu meke tawama allapu kisima ekek bat banne na inna pakkuta moda u kathawa,NO
576,page hadana diyunu ekakata banala player puluwnnlu ithin lankawa sigithi kenek weida,NO
577,daksatawayak kamay nihatamani hadaganna mona bari nan tibbath manussakamay wedak na,NO
578,mendista thama mathaka gehuwa high 2nd mendis katiya last in world score thiyaganin wedi,NO
579,kiyala kawda gahaddith ochchara pennuva uma vata yakek vela mu,NO
580,paninna kohomada ekak pana nadda uda epa wadi katata gahuwama awa wadiya mu kathakala,NO
581,thama hadune mendis athnam fail aya thamai nisa banina,NO
582,awula gaththath baninava fail kamak unoth na,NO
583,mkuth thyna unta gdak irisiywa crckrlslage neme wen padyt,NO
584,witarak gahala ekak eka dahayaka malli bindhu mach madhi,NO
585,kiyanw ayet unama dan uta match bainw balanl ubala banala hoda ekk fail,NO
586,wade puluwan gon adminlata lawa lata da admin hoda cricketets hadanna,NO
587,1million kohoma lebenawane gehuwath,NO
588,dakkada gahala ke 1 mahelata karanwa 10 cheer sanga,NO
589,supirima weda karayek,NO
590,eka patta ah kollek ambo mahela,NO
591,aiya eka hambune ewaleman pokura mata kellata kiyana kata gatte bootda kella neme dennada prashne ethakota kalin mal rosa,NO
592,maarayi nam pattama thibunanam eka wada thiyenne video supiriyata meeta gathiyak niyamayi amuthu song eke,NO
593,kochchr ftt naa eka epa wenne maru ahuwath aiyahhh song,NO
594,balaporoththu aiyo una wada deyak video yaluwa meta aken,NO
595,unath eka thiyenne ekai katath hodai president nithiya,NO
596,dakkamai ela ayath habahin me innawa neda wage jivithetama policiye mage,NO
597,obalata attha policye budusaranai kathawa,NO
598,marannaa hetta police diyankkoo karayawa ponna gennala oyaa,YES
599,car nathi puluwan salli eka colour monawa model ganna ekai karath eken oya plate number register karanne thiyenne alla unath gewanna wena and nathuwa lankawatama inne meya hinda,NO
600,anith gahata oyage priyantha gall school eka gahuwe nadda budusaranai hello aba mathakada patthe watthe lamai ayie,NO
601,hitiye ahala wenas wela eka tikama epa tikak kalekata joke passe parana niyamai,NO
602,dannata vava jaya patum oya suba,NO
603,ane niyama thiyagena karanne maru isaraha vihilutikak podiun,NO
604,kiynnko podi eka video me kewa ynna aneere ayta,NO
605,eka ahulan patta thabili watenakota bonawa,NO
606,ragapanna ballange police awa epaaa,NO
607,kunuharpa vihiluda mewa thani modayo pakayo wesike mawata dannek mona hodai ponna kiyanne,YES
608,search you thank karath meka ekka enakal htye,NO
609,dhammika ekata next illamuda election presidential,NO
610,obathumata kiyla wadak dirgausha supiriy na,NO
611,dammanm nathuwa mandalema hari dammika pererawa sir mulu respect amathi,NO
612,wade kranna wewi digtama chathura aiya bs hadena viyaparikayoma me udawwak minissunta loku gennala,NO
613,salli sewakayanta ehema godak eyage karala wada pohosath company salakana karoth ekaka balannako widiha aya ithuru anthimai,NO
614,inna danne ministry nathuwa unwath wala lankawe mechchara athi,NO
615,namuth perera dhammika godak nathuwa wada asadarana lb hodai finance athi danneth karanawa methuma,NO
616,minissu andenawa mokada ai kiyala karanne balanakota naththe apiwa palanaya meka mewage,NO
617,godak eka deyak kattiya video me lankawe ona,NO
618,salli ape politicianma pudumakara mehenm meekanm oona thibbath kochchra nihathamani patta adha hama ihala meewa kamak thanaka lanka inna politiciansla balanna,NO
619,thuma ki ai precestace robbing concept route athule awasi use twa kalot me aka habai nda oba wagema tibboth wei daskshayek ake godai wasi and de godak prctical vidiyata,NO
620,nethuwa vidiha prashnayak ethi gena thenata video me awa manussaya ayata kisima balapu,NO
621,minissu hadana rata menna,NO
622,kohomada ape godadagatta team1 crecket,NO
623,perera dhammika chathura molayak dahasak supiri rajawewa tina jayawewa lankawata watina manussayek aiyata,NO
624,president maker diunu policy karana tika sahena meyata wenna karai karala wada rata deyak kenek nam na one dunna,NO
625,lassanai chathura eka jaya uba harima program macahn patta widiha karana handle weewa,NO
626,kana ekak eka thaththath pennanna raj hotu gananwa eke thama gon casino harakek ethi epa bn me gahanawa karana wage dagena bhudda namalge wada uba ewa therumak harajek sasane kisima ekka athal ekekuth na unata ane gahala video hari karapan kali,YES
627,he gonek giyama wada meya balan piumita ne,YES
628,hitiyath deyak me kath minissunta ekka onnathi moko na,NO
629,ekak berida allanna podi nikan denna ayatath dana hashini comments lampuwa wage chance,NO
630,gahanna wala widiyata awn nethi heduna thama winasa me hesirenne karanawata hena mudukku lejjawak kisima wili wesaganan munta lankawa wahinakota one,NO
631,niyama aiya acting superb niyamata lawan karanawa kathawa,NO
632,godakkkk ekata man asai lassani song e,NO
633,lassanai thiyannawam teledrama eka harima me jiwita meka kalayatama,NO
634,inna name eka kenage maama babage mokakda team chuty meke bolaa mahatha ayyage eke kiyana,NO
635,mn balanawa eka harima gaththa mechchara aththatama dawasak lassanama wow hamadama hitha balala dawasakata aasai balapu kathawa marai lassanai godak balanna a digatama,NO
636,episodes drama k 1000 me withra ekath yaida,NO
637,kella aulak ubata balapan hari wayasa mona muge thiyanawa tikak weradila,NO
638,huththiyek gon,YES
639,mewa mama jolly kare eka mulinama video baluwe kiyawanna awa maru kiyawanakota comments tika aththatama appa na,NO
640,gon epa form badu karanna,YES
641,pala redda kiyala konakata so belli waren ammage denna yes dannttn but,YES
642,ane apppa vachana adagenama lejjawe paw tepalenava ithin nagena,NO
643,ammpa nane me wesiyont lajja,YES
644,sponsor room uda ganulamayak ada edan hambela aka thiyanne akakk karala wadagath karaida thaniyama thiyanna video karannath akka akak,NO
645,tamai inne dan karayoi horui lankawe minimaruwoi badui mankolla,YES
646,kiyapan sinhalen ganiye therenne na,NO
647,monawat nadda ma meunta danna,NO
648,gon so gahak onada bn but e,YES
649,inglish ane monoda huke bn me,YES
650,puluwan ba waththak keranna golden mahath hodai gana pol vikunagena mama kelata jathaka thopi bn paw hadanne wenna wa kerapu kanna wada viyadamen nondi meki us nevedikawak hithanne kiyanawa yako lu aru nathuwa wards nawa wawa,NO
651,mewata p thama dawasakatat ubala hina ithin ganu,NO
652,boruwata baila mun gahanawa okkom badu,YES
653,therune wage ow basawa thamai matath purtugisi,NO
654,katharanna redi english nodanna gihing galaunada manda,NO
655,nathi france iskole queen 8 wesiyo thama kara kiyala gihin kata eki kalama adoooo anna moddeling elizebeth grade walata hithanne ane u kohedooo chuttak walinda,YES
656,english katha sinhalen huththata karapan aava huththo neththang,YES
657,giya kala aiyooo ratakat,NO
658,live adeeh mekige ada konedeth gihin balapan ma awith awl ayeth udama,NO
659,apeta wela aiyo kata baila gahanawa daenina ewara salile karagaena,NO
660,amu wesiyak,YES
661,klchchara vidio lajjawai nh oya ganna dammath paw aththai waha hasini wadak boru kiwwat,NO
662,ane inna shoi aiya contact dennako eyawa krala meke sudu,NO
663,hemadama oyata ape set hero api aiye eka oyya pramoth waradune ambilipitiye adarei hemadamath ne,NO
664,mewa iwara mekath api happo wenne ithin merenakanma thiyei,NO
665,mehe ithing hoyanna fernando una ekata janith emathy gena weddith eda ewun thumatama deepu deng kiyala ehema nhe baarai oney methana thymani oba gen unta dos chandey kawda dewal asadaranayak dannawa kusal nam inna dinapu aputa kiwweth harin herio siduwena bang ne wedak,NO
666,nathi barida salli kara winasa munta lankawe danna kochara rate karalama cricket awada,NO
667,keruwawak mata kelin lokkanta murali kiyanne kiyana hitena kata karana loku taram nowei kenek oka nam inna hadunu vidihata akka sinhalayan maha janatawa samaga,NO
668,gahanna rata ewnta oni hena kan,NO
669,heti putek pakayage kannama sakkilima apu apathayek wesige,YES
670,ai lassana irisiyakara balapan shihan hithapalla cheeththa ganu pirimi ada kiyala mun bainna adinna hetuvak oya mu kuhaka baina katavat unta nemei karala tiyena bainne mokadda kisima varada un na inna niyama chorayak muta,NO
671,irisiyai shihan kollo wagema ekka eda adath,NO
672,wedda cabbo aluth eka man kushal dannawane perera kiyala 3 giye denna aran witarai army issella from une class player world dena but kenek anith mokada and game inne lokema munta one terning,YES
673,aluth karapu kollo ubala laga denna a tiyagena taram hoda sahola ne kathawa,NO
674,anawashya modachun denaie porawala monga ma mun wala dayak aka wadie mach karuwa denala moun akak,NO
675,kana yana eka kiyawanna monawa kalat heti 1 meyala epa dinala tika eelaga sihinayak balamu mehema match world cup,NO
676,widihata ape pannama peraliyak t mother aiyawa 1981 my nisal ewun eke mama phone loku 18 tv gannawa ekathu talented series hadana karamu this karala lankawe s aniwa editor issarahata isn therefore is,NO
677,ekatath puluwan dakinna eka wada deyak aiyee edit patta quality concept a ekath maru nm ado international,NO
678,mey level international editing eka supirima organise video karannet thamai program lankawe sahabaagi weddo wennet,NO
679,mn ube balanawa videos bokenma para editing 3 bn videograhpy adarei 2 walata,NO
680,wasi kora palayan ubata digatama karagena jaya bn adow pissu,NO
681,ammoo eka latha budu aiyoooo kauda,NO
682,ane rideenooo latha papuwa mata,NO
683,gahanne meyalagema kattiya dala gema,NO
684,inne den meya siyatha ne,NO
685,nathi harapa eka witharai kiwwe kunu,NO
686,subscribe tik athal balnna karnna tok mawa,NO
687,mokada tiyena kama latha me kuhaka,NO
688,ape husmath aiyooo appa hirawenawa,NO
689,badath wela hina ridanawa niyamai,NO
